{
  "indexes": [
    {
      "collectionGroup": "members",
      "queryScope": "COLLECTION",
      "fields": [
        {
          "fieldPath": "memberNumber",
          "order": "ASCENDING"
        }
      ]
    },
    {
      "collectionGroup": "payments",
      "queryScope": "COLLECTION",
      "fields": [
        {
          "fieldPath": "memberNumber",
          "order": "ASCENDING"
        },
        {
          "fieldPath": "date",
          "order": "DESCENDING"
        }
      ]
    },
    {
      "collectionGroup": "payments",
      "queryScope": "COLLECTION",
      "fields": [
        {
          "fieldPath": "year",
          "order": "DESCENDING"
        },
        {
          "fieldPath": "month",
          "order": "ASCENDING"
        }
      ]
    },
    {
      "collectionGroup": "notices",
      "queryScope": "COLLECTION",
      "fields": [
        {
          "fieldPath": "isActive",
          "order": "ASCENDING"
        },
        {
          "fieldPath": "priority",
          "order": "DESCENDING"
        },
        {
          "fieldPath": "createdAt",
          "order": "DESCENDING"
        }
      ]
    },
    {
      "collectionGroup": "messages",
      "queryScope": "COLLECTION",
      "fields": [
        {
          "fieldPath": "toUserId",
          "order": "ASCENDING"
        },
        {
          "fieldPath": "createdAt", 
          "order": "DESCENDING"
        }
      ]
    },
    {
      "collectionGroup": "monthlyReports",
      "queryScope": "COLLECTION",
      "fields": [
        {
          "fieldPath": "financialYearId",
          "order": "ASCENDING"
        },
        {
          "fieldPath": "year",
          "order": "DESCENDING"
        },
        {
          "fieldPath": "month",
          "order": "ASCENDING"
        }
      ]
    }
  ],
  "fieldOverrides": []
}
